{"cameraMode":{"drawMode":0,"name":"Shaded","section":"Shading Mode"},"sceneLighting":true,"audioPlay":false,"sceneViewState":{"showFog":true,"showMaterialUpdate":false,"showSkybox":true,"showFlares":true,"showImageEffects":true,"showParticleSystems":true},"in2DMode":false,"pivot":{"x":-11.334980964660645,"y":50.02142333984375,"z":0.21070986986160279},"rotation":{"x":0.31934547424316409,"y":-0.029849668964743615,"z":0.01005831640213728,"w":0.9471336603164673},"size":14.118343353271485,"orthographic":false}