{"cameraMode":{"drawMode":0,"name":"Shaded","section":"Shading Mode"},"sceneLighting":false,"audioPlay":false,"sceneViewState":{"showFog":true,"showMaterialUpdate":false,"showSkybox":false,"showFlares":true,"showImageEffects":true,"showParticleSystems":true},"in2DMode":false,"pivot":{"x":-0.2528572082519531,"y":-2.5945000648498537,"z":0.5},"rotation":{"x":0.045281436294317248,"y":0.011683660559356213,"z":-0.0005296574672684073,"w":0.9989060759544373},"size":3.3595147132873537,"orthographic":false}