{"cameraMode":{"drawMode":0,"name":"Shaded","section":"Shading Mode"},"sceneLighting":true,"audioPlay":false,"sceneViewState":{"showFog":true,"showMaterialUpdate":false,"showSkybox":true,"showFlares":true,"showImageEffects":true,"showParticleSystems":true},"in2DMode":false,"pivot":{"x":-8.089329719543457,"y":-2.521367073059082,"z":0.0},"rotation":{"x":0.006299107801169157,"y":-0.015303355641663075,"z":0.0000979873220785521,"w":0.999876081943512},"size":1.0757732391357422,"orthographic":false}