{"cameraMode":{"drawMode":0,"name":"Shaded","section":"Shading Mode"},"sceneLighting":true,"audioPlay":false,"sceneViewState":{"showFog":true,"showMaterialUpdate":false,"showSkybox":true,"showFlares":true,"showImageEffects":true,"showParticleSystems":true},"in2DMode":false,"pivot":{"x":-3.6724722385406496,"y":-0.8221277594566345,"z":3.7931735515594484},"rotation":{"x":0.06415314972400665,"y":0.010474462993443013,"z":-0.0006822944269515574,"w":0.9979023933410645},"size":4.336675643920898,"orthographic":false}