{"cameraMode":{"drawMode":0,"name":"Shaded","section":"Shading Mode"},"sceneLighting":true,"audioPlay":false,"sceneViewState":{"showFog":true,"showMaterialUpdate":false,"showSkybox":true,"showFlares":true,"showImageEffects":true,"showParticleSystems":true},"in2DMode":false,"pivot":{"x":-2.9098246097564699,"y":1.8199999332427979,"z":0.0},"rotation":{"x":0.02218952775001526,"y":-0.028493093326687814,"z":0.0006241099908947945,"w":0.9993647336959839},"size":3.866024971008301,"orthographic":false}