{"cameraMode":{"drawMode":0,"name":"Shaded","section":"Shading Mode"},"sceneLighting":true,"audioPlay":false,"sceneViewState":{"m_AlwaysRefresh":false,"showFog":true,"showSkybox":true,"showFlares":true,"showImageEffects":true,"showParticleSystems":true,"showVisualEffectGraphs":true,"m_FxEnabled":true},"in2DMode":false,"pivot":{"x":-13.695018768310547,"y":0.7478673458099365,"z":7.014882564544678},"rotation":{"x":0.022195588797330858,"y":0.014992685057222844,"z":-0.0003384810406714678,"w":0.999659538269043},"size":8.966028213500977,"orthographic":false}