{"cameraMode":{"drawMode":0,"name":"Shaded","section":"Shading Mode"},"sceneLighting":true,"audioPlay":false,"sceneViewState":{"m_AlwaysRefresh":false,"showFog":true,"showSkybox":true,"showFlares":true,"showImageEffects":true,"showParticleSystems":true,"showVisualEffectGraphs":true,"m_FxEnabled":true},"in2DMode":false,"pivot":{"x":-8.011274337768555,"y":2.6528003215789797,"z":2.2923691272735597},"rotation":{"x":0.08346053212881088,"y":-0.058266397565603259,"z":0.004887770861387253,"w":0.9948137402534485},"size":5.4027814865112309,"orthographic":false}