{"cameraMode":{"drawMode":0,"name":"Shaded","section":"Shading Mode"},"sceneLighting":false,"audioPlay":false,"sceneViewState":{"showFog":true,"showMaterialUpdate":false,"showSkybox":false,"showFlares":true,"showImageEffects":true,"showParticleSystems":true},"in2DMode":false,"pivot":{"x":-6.119999885559082,"y":0.5799999237060547,"z":0.0},"rotation":{"x":0.06415314972400665,"y":0.010474462993443013,"z":-0.0006822944269515574,"w":0.9979023933410645},"size":0.8660253882408142,"orthographic":false}