{"cameraMode":{"drawMode":0,"name":"Shaded","section":"Shading Mode"},"sceneLighting":true,"audioPlay":false,"sceneViewState":{"m_AlwaysRefresh":false,"showFog":true,"showSkybox":true,"showFlares":true,"showImageEffects":true,"showParticleSystems":true,"showVisualEffectGraphs":true,"m_FxEnabled":true},"in2DMode":false,"pivot":{"x":-19.912471771240236,"y":0.1311717927455902,"z":1.857047200202942},"rotation":{"x":0.09703528881072998,"y":0.016418375074863435,"z":-0.0016017272137105466,"w":0.9951636791229248},"size":9.602784156799317,"orthographic":false}